,country,co2,energy,gdp,population,co2_per_unit_energy,energy_per_gdp,gdp_per_capita,cluster,cluster_color
472,Bahrain,37.827,248077422403.02756,58769760175.0,1533460.0,0.152,4.221,38324.93848877701,1,#9C27B0
1555,Congo,8.728,13049847767.6665,23679011891.0,6035104.0,0.669,0.551,3923.546618417844,0,#E53935
3162,Iceland,3.598,63724700506.149,16019540441.0,380368.0,0.056,3.978,42115.89944737728,1,#9C27B0
4039,Lesotho,2.551,4819542643.96,4761723180.0,2286112.0,0.529,1.012,2082.8914681345445,0,#E53935
4667,Mongolia,40.443,52384164965.884,44809463232.0,3386015.0,0.772,1.169,13233.687160866091,0,#E53935
5181,North Korea,56.289,181913395580.70895,40488847458.0,26328843.0,0.309,4.493,1537.81339567409,1,#9C27B0
7027,Trinidad and Tobago,37.493,173052861900.9775,37513383973.0,1495923.0,0.217,4.613,25077.08215797204,1,#9C27B0
7166,Turkmenistan,102.063,471793750722.3941,97502944727.0,7230197.0,0.216,4.839,13485.517023533384,1,#9C27B0
7557,Venezuela,108.424,646037452572.5499,149682062815.0,28213015.0,0.168,4.316,5305.425982122081,1,#9C27B0
